{
	"fallback": "minecraft:empty",
	"elements": [{
		"weight": 3,
		"element": {
			"element_type": "minecraft:single_pool_element",
			"location": "tbirds:village_creole/buildings/house_a",
			"processors": "minecraft:empty",
			"projection": "rigid"
		}
	},{
		"weight": 3,
		"element": {
			"element_type": "minecraft:single_pool_element",
			"location": "tbirds:village_creole/buildings/house_b",
			"processors": "minecraft:empty",
			"projection": "rigid"
		}
	},{
		"weight": 4,
		"element": {
			"element_type": "minecraft:single_pool_element",
			"location": "tbirds:village_creole/buildings/house_c",
			"processors": "minecraft:empty",
			"projection": "rigid"
		}
	},{
		"weight": 4,
		"element": {
			"element_type": "minecraft:single_pool_element",
			"location": "tbirds:village_creole/buildings/voodoo_house",
			"processors": "minecraft:empty",
			"projection": "rigid"
		}
	},{
		"weight": 1,
		"element": {
			"element_type": "minecraft:single_pool_element",
			"location": "tbirds:village_creole/buildings/white_mansion",
			"processors": "minecraft:empty",
			"projection": "rigid"
		}
	}]
}