{
	"biomes": "#tbirds:has_structure/village_creole",
	"adapt_noise": false,
	"spawn_overrides": {},
	"type": "minecraft:jigsaw",
	"start_pool": "tbirds:village_creole/town_centers",
	"size": 7,
	"step": "surface_structures",
	"start_height": {
		"absolute": 0
	},
	"project_start_to_heightmap": "WORLD_SURFACE_WG",
	"max_distance_from_center": 116,
	"terrain_adaptation": "beard_thin",
	"use_expansion_hack": false,
	"pool_aliases": [{
		"type": "random",
		"alias": "tbirds:village_creole/grave_a",
		"targets": [{
			"data": "tbirds:village_creole/grave_a",
			"weight": 1
		},{
			"data": "tbirds:village_creole/grave_b",
			"weight": 1
		},{
			"data": "tbirds:village_creole/grave_c",
			"weight": 1
		},{
			"data": "tbirds:village_creole/grave_d",
			"weight": 1
		},{
			"data": "tbirds:village_creole/grave_e",
			"weight": 1
		}]
	}]
}