{ "pools": [{
	"rolls": {
		"type": "uniform",
		"min": 1,
		"max": 3
	},
	"entries": [{
		"type": "item",
		"name": "minecraft:potion",
		"weight": 1,
		"functions": [{
			"function": "set_name",
			"target": "item_name",
			"name": "Strawberry Daquiri"
		},{
			"function": "set_components",
			"components": {
				"potion_contents": {
					"custom_effects": [{
						"id": "minecraft:speed",
						"duration": 300
					},{
						"id": "minecraft:weakness",
						"duration": 300
					}],
					"custom_color": 16744652
				},
				"hide_additional_tooltip": {}
			}
		}]
	},{
		"type": "item",
		"name": "minecraft:potion",
		"weight": 1,
		"functions": [{
			"function": "set_name",
			"target": "item_name",
			"name": "Piña Colada"
		},{
			"function": "set_components",
			"components": {
				"potion_contents": {
					"custom_effects": [{
						"id": "minecraft:speed",
						"duration": 300
					},{
						"id": "minecraft:weakness",
						"duration": 300
					}],
					"custom_color": 16766842
				},
				"hide_additional_tooltip": {}
			}
		}]
	},{
		"type": "item",
		"name": "minecraft:potion",
		"weight": 1,
		"functions": [{
			"function": "set_name",
			"target": "item_name",
			"name": "Margarita"
		},{
			"function": "set_components",
			"components": {
				"potion_contents": {
					"custom_effects": [{
						"id": "minecraft:speed",
						"duration": 300
					},{
						"id": "minecraft:weakness",
						"duration": 300
					}],
					"custom_color": 12189572
				},
				"hide_additional_tooltip": {}
			}
		}]
	}]
}]}